Thời gian,Giá trị,Timestamp
07h01,9,2025-07-06 17:38:37
16h51,1,2025-07-06 16:51:50
16h52,5,2025-07-06 16:52:30
16h53,3,2025-07-06 16:53:31
16h54,5,2025-07-06 16:54:33
16h55,6,2025-07-06 16:55:34
16h56,7,2025-07-06 16:56:36
16h57,2,2025-07-06 16:57:39
17h10,10,2025-07-06 17:10:59
17h16,3,2025-07-06 17:16:22
17h17,9,2025-07-06 17:17:10
17h19,10,2025-07-06 17:19:17
17h20,10,2025-07-06 17:20:14
17h21,4,2025-07-06 17:21:15
17h22,4,2025-07-06 17:22:16
17h23,2,2025-07-06 17:23:19
17h24,5,2025-07-06 17:24:20
17h25,4,2025-07-06 17:25:21
17h26,7,2025-07-06 17:26:22
17h27,8,2025-07-06 17:27:25
17h28,5,2025-07-06 17:28:27
17h29,8,2025-07-06 17:29:27
17h30,9,2025-07-06 17:30:30
17h31,1,2025-07-06 17:31:31
17h32,9,2025-07-06 17:32:34
17h33,9,2025-07-06 17:33:35
18h05,7,2025-07-06 18:06:52
18h19,4,2025-07-06 18:19:53
18h20,4,2025-07-06 18:20:54
18h21,1,2025-07-06 18:21:54
18h22,5,2025-07-06 18:22:54
18h23,1,2025-07-06 18:23:55
18h24,5,2025-07-06 18:24:39
18h25,3,2025-07-06 18:25:41
18h26,5,2025-07-06 18:26:42
18h28,7,2025-07-06 18:28:43
18h29,2,2025-07-06 18:30:14
18h30,4,2025-07-06 18:31:15
18h31,10,2025-07-06 18:32:16
18h32,7,2025-07-06 18:33:16
18h33,1,2025-07-06 18:34:17
18h34,9,2025-07-06 18:35:17
18h35,9,2025-07-06 18:36:18
18h36,5,2025-07-06 18:37:19
18h37,9,2025-07-06 18:38:19
18h38,7,2025-07-06 18:39:20
18h40,2,2025-07-06 18:40:21
18h41,4,2025-07-06 18:41:21
18h42,5,2025-07-06 18:42:22
18h43,10,2025-07-06 18:43:10
18h44,3,2025-07-06 18:44:11
18h45,7,2025-07-06 18:45:11
18h46,8,2025-07-06 18:46:42
18h47,5,2025-07-06 18:47:43
18h48,3,2025-07-06 18:48:43
18h49,9,2025-07-06 18:49:44
18h50,5,2025-07-06 18:50:44
18h51,10,2025-07-06 18:51:45
18h52,10,2025-07-06 18:52:45
18h53,4,2025-07-06 18:53:46
18h54,4,2025-07-06 18:54:46
18h55,2,2025-07-06 18:55:47
18h56,5,2025-07-06 18:56:48
18h57,4,2025-07-06 18:57:48
18h58,7,2025-07-06 18:58:49
18h59,8,2025-07-06 18:59:49
19h00,5,2025-07-06 19:00:50
19h01,8,2025-07-06 19:01:50
19h02,9,2025-07-06 19:02:51
19h03,1,2025-07-06 19:03:51
19h04,9,2025-07-06 19:04:52
19h05,9,2025-07-06 19:05:53
19h06,9,2025-07-06 19:06:53
19h07,5,2025-07-06 19:07:54
19h08,2,2025-07-06 19:08:54
19h09,2,2025-07-06 19:09:55
19h10,2,2025-07-06 19:10:55
19h11,1,2025-07-06 19:11:56
19h12,6,2025-07-06 19:12:56
19h13,10,2025-07-06 19:13:57
19h14,9,2025-07-06 19:14:57
19h15,10,2025-07-06 19:16:28
19h16,9,2025-07-06 19:17:28
19h18,7,2025-07-06 19:18:29
19h19,7,2025-07-06 19:19:29
19h20,7,2025-07-06 19:20:30
19h21,3,2025-07-06 19:21:30
19h22,4,2025-07-06 19:22:31
19h23,6,2025-07-06 19:23:32
19h24,8,2025-07-06 19:24:32
19h25,5,2025-07-06 19:25:33
19h26,7,2025-07-06 19:26:33
19h27,10,2025-07-06 19:27:34
19h28,10,2025-07-06 19:28:34
19h29,4,2025-07-06 19:29:35
19h30,9,2025-07-06 19:30:35
19h31,9,2025-07-06 19:31:36
19h32,7,2025-07-06 19:32:36
19h33,7,2025-07-06 19:33:37
19h34,1,2025-07-06 19:34:37
19h35,3,2025-07-06 19:35:38
19h36,2,2025-07-06 19:36:38
19h37,1,2025-07-06 19:37:39
19h38,4,2025-07-06 19:38:39
19h39,10,2025-07-06 19:39:40
19h40,5,2025-07-06 19:40:41
19h41,10,2025-07-06 19:41:41
19h42,5,2025-07-06 19:42:42
19h43,4,2025-07-06 19:44:13
19h44,1,2025-07-06 19:45:13
19h45,3,2025-07-06 19:46:14
19h46,3,2025-07-06 19:47:14
19h47,5,2025-07-06 19:48:15
19h48,9,2025-07-06 19:49:15
19h49,9,2025-07-06 19:50:16
19h50,10,2025-07-06 19:51:16
19h51,10,2025-07-06 19:52:17
19h52,7,2025-07-06 19:53:17
19h53,9,2025-07-06 19:54:18
19h55,2,2025-07-06 19:55:18
19h56,10,2025-07-06 19:56:19
19h57,1,2025-07-06 19:57:19
19h58,1,2025-07-06 19:58:20
19h59,5,2025-07-06 19:59:20
20h00,1,2025-07-06 20:00:21
20h01,7,2025-07-06 20:01:21
20h02,9,2025-07-06 20:02:22
20h03,2,2025-07-06 20:03:22
20h04,6,2025-07-06 20:04:23
20h05,1,2025-07-06 20:05:23
20h06,3,2025-07-06 20:06:24
20h07,1,2025-07-06 20:07:24
20h08,1,2025-07-06 20:08:25
20h09,8,2025-07-06 20:09:25
20h10,7,2025-07-06 20:10:56
20h11,8,2025-07-06 20:11:57
20h12,1,2025-07-06 20:12:57
20h13,5,2025-07-06 20:13:58
20h14,10,2025-07-06 20:14:58
20h15,6,2025-07-06 20:15:59
20h16,4,2025-07-06 20:16:59
20h17,3,2025-07-06 20:18:00
20h18,2,2025-07-06 20:19:00
20h19,4,2025-07-06 20:20:01
20h20,3,2025-07-06 20:21:01
20h21,6,2025-07-06 20:22:02
20h22,3,2025-07-06 20:23:02
20h23,7,2025-07-06 20:24:03
20h24,5,2025-07-06 20:25:03
20h25,5,2025-07-06 20:26:04
20h26,5,2025-07-06 20:27:04
20h27,5,2025-07-06 20:28:05
20h28,1,2025-07-06 20:29:05
20h29,7,2025-07-06 20:30:06
20h30,3,2025-07-06 20:31:07
20h32,2,2025-07-06 20:32:07
20h33,8,2025-07-06 20:33:08
20h34,1,2025-07-06 20:34:08
20h35,7,2025-07-06 20:35:09
20h36,9,2025-07-06 20:36:10
20h37,10,2025-07-06 20:37:10
20h38,4,2025-07-06 20:38:41
20h39,1,2025-07-06 20:39:42
20h40,3,2025-07-06 20:40:42
20h41,3,2025-07-06 20:41:43
20h42,8,2025-07-06 20:42:43
20h43,4,2025-07-06 20:43:44
20h44,1,2025-07-06 20:44:45
20h45,7,2025-07-06 20:45:45
20h46,3,2025-07-06 20:46:46
20h47,10,2025-07-06 20:47:46
20h48,10,2025-07-06 20:48:47
20h49,5,2025-07-06 20:49:47
20h50,7,2025-07-06 20:50:48
20h51,7,2025-07-06 20:51:48
20h52,5,2025-07-06 20:52:49
20h53,1,2025-07-06 20:53:49
20h54,2,2025-07-06 20:54:50
20h55,2,2025-07-06 20:55:50
20h56,7,2025-07-06 20:56:51
20h57,4,2025-07-06 20:57:51
20h58,3,2025-07-06 20:58:52
20h59,9,2025-07-06 20:59:53
21h00,10,2025-07-06 21:00:53
21h01,2,2025-07-06 21:01:54
21h02,8,2025-07-06 21:02:54
21h03,6,2025-07-06 21:03:55
21h04,1,2025-07-06 21:04:55
21h05,5,2025-07-06 21:05:56
21h06,7,2025-07-06 21:06:56
21h07,1,2025-07-06 21:08:27
21h08,6,2025-07-06 21:09:28
21h10,4,2025-07-06 21:10:28
21h11,2,2025-07-06 21:11:29
21h12,9,2025-07-06 21:12:29
21h13,2,2025-07-06 21:13:30
21h14,4,2025-07-06 21:14:30
21h15,10,2025-07-06 21:15:31
21h16,4,2025-07-06 21:16:31
21h17,2,2025-07-06 21:17:32
21h18,6,2025-07-06 21:18:32
21h19,5,2025-07-06 21:19:33
21h20,7,2025-07-06 21:20:34
21h21,2,2025-07-06 21:21:34
21h22,6,2025-07-06 21:22:35
21h23,3,2025-07-06 21:23:35
21h24,3,2025-07-06 21:24:36
21h25,9,2025-07-06 21:25:36
21h26,8,2025-07-06 21:26:37
21h27,8,2025-07-06 21:27:37
21h28,9,2025-07-06 21:28:38
21h29,9,2025-07-06 21:29:38
21h30,5,2025-07-06 21:30:39
21h31,6,2025-07-06 21:31:40
21h32,1,2025-07-06 21:32:40
21h33,9,2025-07-06 21:33:41
21h34,4,2025-07-06 21:34:41
21h35,6,2025-07-06 21:35:42
21h36,4,2025-07-06 21:37:13
21h37,7,2025-07-06 21:38:13
21h38,7,2025-07-06 21:39:14
21h39,6,2025-07-06 21:40:14
21h40,2,2025-07-06 21:41:15
21h41,10,2025-07-06 21:42:16
21h42,1,2025-07-06 21:43:16
21h43,1,2025-07-06 21:44:17
21h44,8,2025-07-06 21:45:18
21h45,3,2025-07-06 21:46:18
21h46,5,2025-07-06 21:47:19
21h48,4,2025-07-06 21:48:19
21h49,9,2025-07-06 21:49:20
21h50,6,2025-07-06 21:50:20
21h51,9,2025-07-06 21:51:21
21h52,3,2025-07-06 21:52:21
21h53,5,2025-07-06 21:53:22
21h54,9,2025-07-06 21:54:22
21h55,1,2025-07-06 21:55:23
21h56,3,2025-07-06 21:56:23
21h57,1,2025-07-06 21:57:24
21h58,2,2025-07-06 21:58:24
21h59,10,2025-07-06 21:59:25
22h00,1,2025-07-06 22:00:25
22h01,10,2025-07-06 22:01:56
22h02,9,2025-07-06 22:02:57
22h03,8,2025-07-06 22:03:57
22h04,4,2025-07-06 22:04:58
22h05,1,2025-07-06 22:05:58
22h06,5,2025-07-06 22:06:59
22h07,7,2025-07-06 22:08:00
22h08,10,2025-07-06 22:09:00
22h09,2,2025-07-06 22:10:01
22h10,5,2025-07-06 22:11:01
22h11,5,2025-07-06 22:12:02
22h12,2,2025-07-06 22:13:02
22h13,1,2025-07-06 22:14:03
22h14,7,2025-07-06 22:15:03
22h15,10,2025-07-06 22:16:04
22h16,3,2025-07-06 22:17:04
22h17,8,2025-07-06 22:18:05
22h18,1,2025-07-06 22:19:06
22h19,1,2025-07-06 22:20:06
22h20,2,2025-07-06 22:21:07
22h21,2,2025-07-06 22:22:07
22h23,8,2025-07-06 22:23:08
22h24,4,2025-07-06 22:24:08
22h25,10,2025-07-06 22:25:09
22h26,6,2025-07-06 22:26:09
22h27,2,2025-07-06 22:27:10
22h28,4,2025-07-06 22:28:10
22h29,2,2025-07-06 22:29:41
22h30,8,2025-07-06 22:30:42
22h31,5,2025-07-06 22:31:43
22h32,8,2025-07-06 22:32:43
22h33,9,2025-07-06 22:33:44
22h34,2,2025-07-06 22:34:44
22h35,4,2025-07-06 22:35:45
22h36,8,2025-07-06 22:36:45
22h37,5,2025-07-06 22:37:46
22h38,7,2025-07-06 22:38:46
22h39,6,2025-07-06 22:39:47
22h40,10,2025-07-06 22:40:48
22h41,10,2025-07-06 22:41:48
22h42,1,2025-07-06 22:42:49
22h43,10,2025-07-06 22:43:49
22h44,10,2025-07-06 22:44:50
22h45,2,2025-07-06 22:45:51
22h46,9,2025-07-06 22:46:52
22h47,3,2025-07-06 22:47:53
22h48,1,2025-07-06 22:48:53
22h49,9,2025-07-06 22:49:54
22h50,1,2025-07-06 22:50:54
22h51,10,2025-07-06 22:51:55
22h52,6,2025-07-06 22:52:55
22h53,6,2025-07-06 22:53:56
22h54,6,2025-07-06 22:54:57
22h55,5,2025-07-06 22:55:58
22h56,1,2025-07-06 22:56:59
22h57,6,2025-07-06 22:57:59
22h58,5,2025-07-06 22:59:00
23h00,2,2025-07-06 23:00:31
23h01,5,2025-07-06 23:01:31
23h02,7,2025-07-06 23:02:32
23h03,4,2025-07-06 23:03:33
23h04,9,2025-07-06 23:04:33
23h05,7,2025-07-06 23:05:34
23h06,10,2025-07-06 23:06:34
23h07,4,2025-07-06 23:07:35
23h08,9,2025-07-06 23:08:36
23h09,7,2025-07-06 23:09:36
23h10,3,2025-07-06 23:10:37
23h11,6,2025-07-06 23:11:37
23h12,4,2025-07-06 23:12:38
23h13,3,2025-07-06 23:13:39
23h14,10,2025-07-06 23:14:39
23h15,7,2025-07-06 23:15:40
23h16,4,2025-07-06 23:16:40
23h17,6,2025-07-06 23:17:41
23h18,10,2025-07-06 23:18:41
23h19,8,2025-07-06 23:19:42
23h20,9,2025-07-06 23:20:42
23h21,4,2025-07-06 23:21:43
23h22,5,2025-07-06 23:22:44
23h23,8,2025-07-06 23:23:44
23h24,6,2025-07-06 23:24:45
23h25,2,2025-07-06 23:25:45
23h26,5,2025-07-06 23:26:46
23h27,9,2025-07-06 23:28:17
23h28,6,2025-07-06 23:29:17
23h29,6,2025-07-06 23:30:18
23h30,2,2025-07-06 23:31:18
23h31,1,2025-07-06 23:32:19
23h32,7,2025-07-06 23:33:20
23h33,10,2025-07-06 23:34:20
23h34,8,2025-07-06 23:35:21
23h35,2,2025-07-06 23:36:21
23h37,3,2025-07-06 23:37:22
23h38,9,2025-07-06 23:38:22
23h39,3,2025-07-06 23:39:23
23h40,1,2025-07-06 23:40:23
23h41,7,2025-07-06 23:41:24
23h42,3,2025-07-06 23:42:24
23h43,1,2025-07-06 23:43:25
23h44,10,2025-07-06 23:44:25
23h45,9,2025-07-06 23:45:26
23h46,4,2025-07-06 23:46:27
23h47,2,2025-07-06 23:47:27
23h48,6,2025-07-06 23:48:28
23h49,4,2025-07-06 23:49:28
23h50,3,2025-07-06 23:50:29
23h51,2,2025-07-06 23:51:30
23h52,6,2025-07-06 23:52:30
23h53,10,2025-07-06 23:53:31
23h54,4,2025-07-06 23:54:31
23h55,7,2025-07-06 23:55:32
23h56,5,2025-07-06 23:57:03
23h57,8,2025-07-06 23:58:03
23h58,10,2025-07-06 23:59:04
23h59,2,2025-07-07 00:00:04
00h00,10,2025-07-07 00:01:05
00h01,2,2025-07-07 00:02:06
00h02,8,2025-07-07 00:03:06
00h03,1,2025-07-07 00:04:08
00h04,9,2025-07-07 00:05:08
00h05,3,2025-07-07 00:06:09
00h06,7,2025-07-07 00:07:10
00h08,3,2025-07-07 00:08:10
00h09,5,2025-07-07 00:09:11
00h10,7,2025-07-07 00:10:12
00h11,5,2025-07-07 00:11:14
00h12,3,2025-07-07 00:12:16
00h13,10,2025-07-07 00:13:17
00h14,10,2025-07-07 00:14:17
00h15,2,2025-07-07 00:15:18
00h16,4,2025-07-07 00:16:18
00h17,7,2025-07-07 00:17:19
00h18,10,2025-07-07 00:18:20
00h19,2,2025-07-07 00:19:20
00h20,5,2025-07-07 00:20:21
00h21,4,2025-07-07 00:21:22
00h22,10,2025-07-07 00:22:53
00h23,7,2025-07-07 00:23:53
00h24,10,2025-07-07 00:24:54
00h25,10,2025-07-07 00:25:54
00h26,2,2025-07-07 00:26:55
00h27,8,2025-07-07 00:27:56
00h28,5,2025-07-07 00:28:56
00h29,1,2025-07-07 00:29:57
00h30,4,2025-07-07 00:30:58
00h31,10,2025-07-07 00:31:59
00h32,1,2025-07-07 00:32:59
00h33,4,2025-07-07 00:34:00
00h34,8,2025-07-07 00:35:01
00h35,2,2025-07-07 00:36:01
00h36,9,2025-07-07 00:37:02
00h37,1,2025-07-07 00:38:02
00h38,3,2025-07-07 00:39:03
00h39,4,2025-07-07 00:40:03
00h40,6,2025-07-07 00:41:04
00h41,9,2025-07-07 00:42:05
00h42,6,2025-07-07 00:43:05
00h43,8,2025-07-07 00:44:06
00h45,6,2025-07-07 00:45:06
00h46,8,2025-07-07 00:46:07
00h47,1,2025-07-07 00:47:08
00h48,2,2025-07-07 00:48:09
00h49,8,2025-07-07 00:49:09
00h50,7,2025-07-07 00:50:10
00h51,4,2025-07-07 00:51:41
00h52,5,2025-07-07 00:52:41
00h53,3,2025-07-07 00:53:42
00h54,4,2025-07-07 00:54:42
00h55,9,2025-07-07 00:55:43
00h56,7,2025-07-07 00:56:44
00h57,3,2025-07-07 00:57:44
00h58,10,2025-07-07 00:58:45
00h59,7,2025-07-07 00:59:45
01h00,9,2025-07-07 01:00:46
01h01,6,2025-07-07 01:01:47
01h02,5,2025-07-07 01:02:47
01h03,4,2025-07-07 01:03:48
01h04,10,2025-07-07 01:04:48
01h05,2,2025-07-07 01:05:49
01h06,1,2025-07-07 01:06:50
01h07,2,2025-07-07 01:07:50
01h08,4,2025-07-07 01:08:51
01h09,1,2025-07-07 01:09:51
01h10,1,2025-07-07 01:10:52
01h11,4,2025-07-07 01:11:52
01h12,10,2025-07-07 01:12:53
01h13,1,2025-07-07 01:13:53
01h14,5,2025-07-07 01:14:54
01h15,4,2025-07-07 01:16:25
01h16,1,2025-07-07 01:17:26
01h17,2,2025-07-07 01:18:26
01h19,1,2025-07-07 01:19:27
01h20,8,2025-07-07 01:20:28
01h21,6,2025-07-07 01:21:29
01h22,3,2025-07-07 01:22:29
01h23,1,2025-07-07 01:23:30
01h24,2,2025-07-07 01:24:30
01h25,10,2025-07-07 01:25:31
01h26,9,2025-07-07 01:26:31
01h27,10,2025-07-07 01:27:32
01h28,2,2025-07-07 01:28:32
01h29,1,2025-07-07 01:29:33
01h30,8,2025-07-07 01:30:33
01h31,10,2025-07-07 01:31:34
01h32,6,2025-07-07 01:32:35
01h33,8,2025-07-07 01:33:35
01h34,10,2025-07-07 01:34:36
01h35,1,2025-07-07 01:35:37
01h36,9,2025-07-07 01:36:37
01h37,8,2025-07-07 01:37:38
01h38,7,2025-07-07 01:38:38
01h39,5,2025-07-07 01:39:39
01h40,7,2025-07-07 01:40:39
01h41,10,2025-07-07 01:41:40
01h42,8,2025-07-07 01:42:40
01h43,5,2025-07-07 01:44:11
01h44,9,2025-07-07 01:45:12
01h45,7,2025-07-07 01:46:12
01h46,3,2025-07-07 01:47:13
01h47,5,2025-07-07 01:48:14
01h48,6,2025-07-07 01:49:14
01h49,8,2025-07-07 01:50:15
01h50,8,2025-07-07 01:51:15
01h51,9,2025-07-07 01:52:16
01h52,10,2025-07-07 01:53:16
01h53,8,2025-07-07 01:54:17
01h54,2,2025-07-07 01:55:17
01h56,2,2025-07-07 01:56:18
01h57,8,2025-07-07 01:57:19
01h58,4,2025-07-07 01:58:19
01h59,9,2025-07-07 01:59:20
02h00,7,2025-07-07 02:00:20
02h01,9,2025-07-07 02:01:21
02h02,9,2025-07-07 02:02:22
02h03,9,2025-07-07 02:03:22
02h04,2,2025-07-07 02:04:23
02h05,1,2025-07-07 02:05:23
02h06,2,2025-07-07 02:06:24
02h07,10,2025-07-07 02:07:25
02h08,4,2025-07-07 02:08:25
02h09,8,2025-07-07 02:09:26
02h10,3,2025-07-07 02:10:26
02h11,1,2025-07-07 02:11:27
02h12,1,2025-07-07 02:12:27
02h13,2,2025-07-07 02:13:58
02h14,7,2025-07-07 02:14:59
02h15,2,2025-07-07 02:16:00
02h16,8,2025-07-07 02:17:00
02h17,3,2025-07-07 02:18:01
02h18,6,2025-07-07 02:19:01
02h19,5,2025-07-07 02:20:02
02h20,2,2025-07-07 02:21:02
02h21,5,2025-07-07 02:22:03
02h22,3,2025-07-07 02:23:04
02h23,7,2025-07-07 02:24:04
02h24,10,2025-07-07 02:25:05
02h25,3,2025-07-07 02:26:05
02h26,1,2025-07-07 02:27:06
02h27,1,2025-07-07 02:28:06
02h28,5,2025-07-07 02:29:07
02h29,4,2025-07-07 02:30:07
02h30,5,2025-07-07 02:31:08
02h31,7,2025-07-07 02:32:09
02h32,8,2025-07-07 02:33:09
02h34,10,2025-07-07 02:34:10
02h35,4,2025-07-07 02:35:10
02h36,1,2025-07-07 02:36:11
02h37,8,2025-07-07 02:37:11
02h38,4,2025-07-07 02:38:12
02h39,4,2025-07-07 02:39:12
02h40,8,2025-07-07 02:40:13
02h41,5,2025-07-07 02:41:14
02h42,9,2025-07-07 02:42:14
02h43,3,2025-07-07 02:43:45
02h44,1,2025-07-07 02:44:45
02h45,10,2025-07-07 02:45:46
02h46,5,2025-07-07 02:46:47
02h47,5,2025-07-07 02:47:47
02h48,3,2025-07-07 02:48:48
02h49,2,2025-07-07 02:49:48
02h50,1,2025-07-07 02:50:49
02h51,2,2025-07-07 02:51:49
02h52,7,2025-07-07 02:52:50
02h53,9,2025-07-07 02:53:50
02h54,6,2025-07-07 02:54:51
02h55,6,2025-07-07 02:55:52
02h56,9,2025-07-07 02:56:52
02h57,10,2025-07-07 02:57:53
02h58,5,2025-07-07 02:58:53
02h59,2,2025-07-07 02:59:54
03h00,7,2025-07-07 03:00:55
03h01,1,2025-07-07 03:01:55
03h02,8,2025-07-07 03:02:56
03h03,3,2025-07-07 03:03:57
03h04,2,2025-07-07 03:04:57
03h05,9,2025-07-07 03:05:58
03h06,3,2025-07-07 03:06:58
03h07,7,2025-07-07 03:07:59
03h08,7,2025-07-07 03:08:59
03h09,7,2025-07-07 03:10:00
03h10,9,2025-07-07 03:11:01
03h12,6,2025-07-07 03:12:02
03h13,9,2025-07-07 03:13:32
03h14,8,2025-07-07 03:14:33
03h15,4,2025-07-07 03:15:33
03h16,5,2025-07-07 03:16:34
03h17,7,2025-07-07 03:17:35
03h18,5,2025-07-07 03:18:35
03h19,2,2025-07-07 03:19:36
03h20,1,2025-07-07 03:20:36
03h21,2,2025-07-07 03:21:37
03h22,2,2025-07-07 03:22:37
03h23,2,2025-07-07 03:23:38
03h24,3,2025-07-07 03:24:38
03h25,1,2025-07-07 03:25:39
03h26,5,2025-07-07 03:26:40
03h27,7,2025-07-07 03:27:40
03h28,1,2025-07-07 03:28:41
03h29,9,2025-07-07 03:29:41
03h30,3,2025-07-07 03:30:42
03h31,6,2025-07-07 03:31:42
03h32,6,2025-07-07 03:32:43
03h33,4,2025-07-07 03:33:43
03h34,5,2025-07-07 03:34:44
03h35,7,2025-07-07 03:35:44
03h36,4,2025-07-07 03:36:45
03h37,3,2025-07-07 03:37:45
03h38,4,2025-07-07 03:38:46
03h39,3,2025-07-07 03:39:46
03h40,10,2025-07-07 03:40:47
03h41,9,2025-07-07 03:42:18
03h42,9,2025-07-07 03:43:19
03h43,5,2025-07-07 03:44:19
03h44,8,2025-07-07 03:45:20
03h45,5,2025-07-07 03:46:20
03h46,5,2025-07-07 03:47:21
03h47,1,2025-07-07 03:48:21
03h49,5,2025-07-07 03:49:22
03h50,5,2025-07-07 03:50:22
03h51,10,2025-07-07 03:51:23
03h52,3,2025-07-07 03:52:23
03h53,1,2025-07-07 03:53:24
03h54,9,2025-07-07 03:54:24
03h55,9,2025-07-07 03:55:25
03h56,9,2025-07-07 03:56:26
03h57,4,2025-07-07 03:57:26
03h58,9,2025-07-07 03:58:27
03h59,5,2025-07-07 03:59:27
04h00,7,2025-07-07 04:00:28
04h01,2,2025-07-07 04:01:28
04h02,9,2025-07-07 04:02:29
04h03,6,2025-07-07 04:03:29
04h04,10,2025-07-07 04:04:30
04h05,6,2025-07-07 04:05:31
04h06,9,2025-07-07 04:06:31
04h07,10,2025-07-07 04:07:32
04h08,7,2025-07-07 04:08:32
04h09,8,2025-07-07 04:09:33
04h10,5,2025-07-07 04:11:04
04h11,4,2025-07-07 04:12:04
04h12,6,2025-07-07 04:13:05
04h13,10,2025-07-07 04:14:05
04h14,3,2025-07-07 04:15:06
04h15,7,2025-07-07 04:16:07
04h16,10,2025-07-07 04:17:07
04h17,1,2025-07-07 04:18:08
04h18,10,2025-07-07 04:19:08
04h19,4,2025-07-07 04:20:09
04h20,9,2025-07-07 04:21:09
04h21,10,2025-07-07 04:22:10
04h22,8,2025-07-07 04:23:10
04h23,3,2025-07-07 04:24:11
04h24,4,2025-07-07 04:25:11
04h25,6,2025-07-07 04:26:12
04h26,3,2025-07-07 04:27:12
04h28,4,2025-07-07 04:28:13
04h29,9,2025-07-07 04:29:13
04h30,10,2025-07-07 04:30:14
04h31,5,2025-07-07 04:31:15
04h32,10,2025-07-07 04:32:15
04h33,9,2025-07-07 04:33:16
04h34,6,2025-07-07 04:34:16
04h35,6,2025-07-07 04:35:17
04h36,4,2025-07-07 04:36:17
04h37,10,2025-07-07 04:37:18
04h38,9,2025-07-07 04:38:18
04h39,8,2025-07-07 04:39:49
04h40,5,2025-07-07 04:40:50
04h41,9,2025-07-07 04:41:50
04h42,3,2025-07-07 04:42:51
04h43,1,2025-07-07 04:43:51
04h44,6,2025-07-07 04:44:52
04h45,7,2025-07-07 04:45:52
04h46,3,2025-07-07 04:46:53
04h47,5,2025-07-07 04:47:53
04h48,3,2025-07-07 04:48:54
04h49,3,2025-07-07 04:49:54
04h50,2,2025-07-07 04:50:55
04h51,2,2025-07-07 04:51:55
04h52,3,2025-07-07 04:52:56
04h53,1,2025-07-07 04:53:56
04h54,5,2025-07-07 04:54:57
04h55,9,2025-07-07 04:55:57
04h56,8,2025-07-07 04:56:58
04h57,9,2025-07-07 04:57:58
04h58,1,2025-07-07 04:58:59
04h59,8,2025-07-07 04:59:59
05h00,6,2025-07-07 05:01:00
05h01,1,2025-07-07 05:02:00
05h02,5,2025-07-07 05:03:01
05h03,4,2025-07-07 05:04:01
05h04,4,2025-07-07 05:05:02
05h06,5,2025-07-07 05:06:03
05h07,8,2025-07-07 05:07:03
05h08,1,2025-07-07 05:08:34
05h09,3,2025-07-07 05:09:34
05h10,7,2025-07-07 05:10:35
05h11,7,2025-07-07 05:11:35
05h12,7,2025-07-07 05:12:36
05h13,6,2025-07-07 05:13:36
05h14,1,2025-07-07 05:14:37
05h15,5,2025-07-07 05:15:37
05h16,1,2025-07-07 05:16:38
05h17,2,2025-07-07 05:17:39
05h18,2,2025-07-07 05:18:39
05h19,5,2025-07-07 05:19:40
05h20,4,2025-07-07 05:20:40
05h21,8,2025-07-07 05:21:41
05h22,7,2025-07-07 05:22:41
05h23,4,2025-07-07 05:23:42
05h24,6,2025-07-07 05:24:42
05h25,8,2025-07-07 05:25:43
05h26,7,2025-07-07 05:26:43
05h27,1,2025-07-07 05:27:44
05h28,7,2025-07-07 05:28:44
05h29,8,2025-07-07 05:29:45
05h30,7,2025-07-07 05:30:46
05h31,2,2025-07-07 05:31:46
05h32,7,2025-07-07 05:32:47
05h33,7,2025-07-07 05:33:47
05h34,8,2025-07-07 05:34:48
05h35,10,2025-07-07 05:35:48
05h36,8,2025-07-07 05:37:19
05h37,5,2025-07-07 05:38:20
05h38,8,2025-07-07 05:39:20
05h39,6,2025-07-07 05:40:21
05h40,3,2025-07-07 05:41:21
05h41,5,2025-07-07 05:42:22
05h42,5,2025-07-07 05:43:22
05h44,2,2025-07-07 05:44:23
05h45,10,2025-07-07 05:45:23
05h46,10,2025-07-07 05:46:24
05h47,3,2025-07-07 05:47:24
05h48,5,2025-07-07 05:48:25
05h49,2,2025-07-07 05:49:25
05h50,2,2025-07-07 05:50:26
05h51,10,2025-07-07 05:51:26
05h52,5,2025-07-07 05:52:27
05h53,2,2025-07-07 05:53:27
05h54,2,2025-07-07 05:54:28
05h55,7,2025-07-07 05:55:28
05h56,5,2025-07-07 05:56:29
05h57,6,2025-07-07 05:57:30
05h58,8,2025-07-07 05:58:30
05h59,10,2025-07-07 05:59:31
06h00,3,2025-07-07 06:00:31
06h01,5,2025-07-07 06:01:32
06h02,7,2025-07-07 06:02:32
06h03,7,2025-07-07 06:03:33
06h04,3,2025-07-07 06:04:34
06h05,3,2025-07-07 06:06:04
06h06,9,2025-07-07 06:07:05
06h07,4,2025-07-07 06:08:06
06h08,8,2025-07-07 06:09:06
06h09,2,2025-07-07 06:10:07
06h10,3,2025-07-07 06:11:07
06h11,10,2025-07-07 06:12:08
06h12,4,2025-07-07 06:13:08
06h13,9,2025-07-07 06:14:09
06h14,3,2025-07-07 06:15:09
06h15,4,2025-07-07 06:16:10
06h16,9,2025-07-07 06:17:10
06h17,3,2025-07-07 06:18:11
06h18,2,2025-07-07 06:19:12
06h19,5,2025-07-07 06:20:12
06h20,3,2025-07-07 06:21:13
06h22,1,2025-07-07 06:22:13
06h23,1,2025-07-07 06:23:14
06h24,10,2025-07-07 06:24:14
06h25,9,2025-07-07 06:25:15
06h26,9,2025-07-07 06:26:15
06h27,5,2025-07-07 06:27:16
06h28,1,2025-07-07 06:28:17
06h29,4,2025-07-07 06:29:17
06h30,3,2025-07-07 06:30:18
06h31,2,2025-07-07 06:31:18
06h32,9,2025-07-07 06:32:19
06h33,1,2025-07-07 06:33:49
06h34,10,2025-07-07 06:34:50
06h35,4,2025-07-07 06:35:51
06h36,2,2025-07-07 06:36:51
06h37,6,2025-07-07 06:37:52
06h38,8,2025-07-07 06:38:52
06h39,10,2025-07-07 06:39:53
06h40,5,2025-07-07 06:40:53
06h41,8,2025-07-07 06:41:54
06h42,2,2025-07-07 06:42:55
06h43,2,2025-07-07 06:43:55
06h44,3,2025-07-07 06:44:56
06h45,10,2025-07-07 06:45:56
06h46,10,2025-07-07 06:46:57
06h47,9,2025-07-07 06:47:57
06h48,8,2025-07-07 06:48:58
06h49,1,2025-07-07 06:49:58
06h50,9,2025-07-07 06:50:59
06h51,3,2025-07-07 06:51:59
06h52,1,2025-07-07 06:53:00
06h53,9,2025-07-07 06:54:00
06h54,1,2025-07-07 06:55:01
06h55,4,2025-07-07 06:56:01
06h56,10,2025-07-07 06:57:02
06h57,7,2025-07-07 06:58:03
06h59,10,2025-07-07 06:59:03
07h00,1,2025-07-07 07:00:04
07h02,9,2025-07-07 07:02:35
07h03,8,2025-07-07 07:03:36
07h04,2,2025-07-07 07:04:36
07h05,2,2025-07-07 07:05:37
07h06,5,2025-07-07 07:06:37
07h07,5,2025-07-07 07:07:38
07h08,9,2025-07-07 07:08:38
07h09,8,2025-07-07 07:09:39
07h10,1,2025-07-07 07:10:39
07h11,10,2025-07-07 07:11:40
07h12,9,2025-07-07 07:12:40
07h13,1,2025-07-07 07:13:41
07h14,3,2025-07-07 07:14:42
07h15,7,2025-07-07 07:15:42
07h16,5,2025-07-07 07:16:43
07h17,9,2025-07-07 07:17:43
07h18,10,2025-07-07 07:18:44
07h19,3,2025-07-07 07:19:45
07h20,8,2025-07-07 07:20:46
07h21,9,2025-07-07 07:21:46
07h22,6,2025-07-07 07:22:47
07h23,2,2025-07-07 07:23:47
07h24,1,2025-07-07 07:24:48
07h25,5,2025-07-07 07:25:49
07h26,5,2025-07-07 07:26:49
07h27,4,2025-07-07 07:27:50
07h28,4,2025-07-07 07:28:50
07h29,10,2025-07-07 07:29:51
07h30,2,2025-07-07 07:31:22
07h31,2,2025-07-07 07:32:22
07h32,5,2025-07-07 07:33:23
07h33,9,2025-07-07 07:34:23
07h34,2,2025-07-07 07:35:24
07h35,4,2025-07-07 07:36:24
07h37,1,2025-07-07 07:37:25
07h38,9,2025-07-07 07:38:25
07h39,7,2025-07-07 07:39:26
07h40,10,2025-07-07 07:40:27
07h41,1,2025-07-07 07:41:27
07h42,4,2025-07-07 07:42:28
07h43,4,2025-07-07 07:43:28
07h44,3,2025-07-07 07:44:29
07h45,2,2025-07-07 07:45:29
07h46,10,2025-07-07 07:46:30
07h47,4,2025-07-07 07:47:30
07h48,5,2025-07-07 07:48:31
07h49,10,2025-07-07 07:49:32
07h50,1,2025-07-07 07:50:32
07h51,6,2025-07-07 07:51:33
07h52,1,2025-07-07 07:52:33
07h53,10,2025-07-07 07:53:34
07h54,5,2025-07-07 07:54:35
07h55,5,2025-07-07 07:55:35
07h56,1,2025-07-07 07:56:36
07h57,9,2025-07-07 07:57:36
07h58,6,2025-07-07 07:58:37
07h59,10,2025-07-07 08:00:08
08h00,9,2025-07-07 08:01:08
08h01,8,2025-07-07 08:02:09
08h02,8,2025-07-07 08:03:09
08h03,5,2025-07-07 08:04:10
08h04,4,2025-07-07 08:05:11
08h05,1,2025-07-07 08:06:12
08h06,10,2025-07-07 08:07:12
08h07,1,2025-07-07 08:08:13
08h08,8,2025-07-07 08:09:13
08h09,4,2025-07-07 08:10:14
08h10,10,2025-07-07 08:11:15
08h11,8,2025-07-07 08:12:15
08h12,10,2025-07-07 08:13:16
08h14,6,2025-07-07 08:14:16
08h15,2,2025-07-07 08:15:17
08h16,3,2025-07-07 08:16:17
08h17,10,2025-07-07 08:17:18
08h18,4,2025-07-07 08:18:19
08h19,7,2025-07-07 08:19:19
08h20,7,2025-07-07 08:20:20
08h21,3,2025-07-07 08:21:21
08h22,3,2025-07-07 08:22:21
08h23,9,2025-07-07 08:23:22
08h24,7,2025-07-07 08:24:22
08h25,1,2025-07-07 08:25:23
08h26,8,2025-07-07 08:26:23
08h27,5,2025-07-07 08:27:25
08h28,9,2025-07-07 08:28:26
08h29,6,2025-07-07 08:29:27
08h30,4,2025-07-07 08:30:28
08h31,5,2025-07-07 08:31:28
08h32,7,2025-07-07 08:32:59
08h33,10,2025-07-07 08:34:00
08h34,3,2025-07-07 08:35:00
08h35,9,2025-07-07 08:36:01
08h36,7,2025-07-07 08:37:01
08h37,10,2025-07-07 08:38:02
08h38,1,2025-07-07 08:39:02
08h39,4,2025-07-07 08:40:03
08h40,2,2025-07-07 08:41:04
08h41,5,2025-07-07 08:42:04
08h42,4,2025-07-07 08:43:05
08h43,4,2025-07-07 08:44:05
08h44,9,2025-07-07 08:45:06
08h45,6,2025-07-07 08:46:06
08h46,10,2025-07-07 08:47:07
08h47,4,2025-07-07 08:48:08
08h48,7,2025-07-07 08:49:08
08h49,10,2025-07-07 08:50:09
08h50,10,2025-07-07 08:51:10
08h51,9,2025-07-07 08:52:10
08h53,6,2025-07-07 08:53:11
08h54,8,2025-07-07 08:54:11
08h55,8,2025-07-07 08:55:12
08h56,8,2025-07-07 08:56:12
08h57,6,2025-07-07 08:57:13
08h58,5,2025-07-07 08:58:14
08h59,10,2025-07-07 08:59:14
09h00,8,2025-07-07 09:00:15
09h01,3,2025-07-07 09:01:16
09h02,2,2025-07-07 09:02:16
09h03,10,2025-07-07 09:03:47
09h04,7,2025-07-07 09:04:48
09h05,5,2025-07-07 09:05:48
09h06,9,2025-07-07 09:06:49
09h07,6,2025-07-07 09:07:49
09h08,5,2025-07-07 09:08:50
09h09,9,2025-07-07 09:09:51
09h10,6,2025-07-07 09:10:51
09h11,5,2025-07-07 09:11:52
09h12,1,2025-07-07 09:12:52
09h13,1,2025-07-07 09:13:53
09h14,5,2025-07-07 09:14:53
09h15,5,2025-07-07 09:15:54
09h16,10,2025-07-07 09:16:55
09h17,10,2025-07-07 09:17:55
09h18,1,2025-07-07 09:18:56
09h19,1,2025-07-07 09:19:57
09h20,7,2025-07-07 09:20:57
09h21,10,2025-07-07 09:21:58
09h22,8,2025-07-07 09:22:58
09h23,6,2025-07-07 09:23:59
09h24,4,2025-07-07 09:24:59
09h25,5,2025-07-07 09:26:00
09h26,2,2025-07-07 09:27:00
09h27,3,2025-07-07 09:28:01
09h28,9,2025-07-07 09:29:01
09h30,7,2025-07-07 09:30:02
09h31,8,2025-07-07 09:31:33
09h32,5,2025-07-07 09:32:33
09h33,1,2025-07-07 09:33:34
09h34,2,2025-07-07 09:34:35
09h35,5,2025-07-07 09:35:35
09h36,5,2025-07-07 09:36:36
09h37,8,2025-07-07 09:37:37
09h38,7,2025-07-07 09:38:37
09h39,5,2025-07-07 09:39:38
09h40,9,2025-07-07 09:40:38
09h41,9,2025-07-07 09:41:39
09h42,8,2025-07-07 09:42:39
09h43,2,2025-07-07 09:43:40
09h44,10,2025-07-07 09:44:40
09h45,10,2025-07-07 09:45:41
09h46,7,2025-07-07 09:46:42
09h47,3,2025-07-07 09:47:43
09h48,8,2025-07-07 09:48:43
09h49,2,2025-07-07 09:49:44
09h50,6,2025-07-07 09:50:44
09h51,9,2025-07-07 09:51:45
09h52,6,2025-07-07 09:52:45
09h53,1,2025-07-07 09:53:46
09h54,5,2025-07-07 09:54:46
09h55,7,2025-07-07 09:55:47
09h56,6,2025-07-07 09:56:47
09h57,1,2025-07-07 09:57:48
09h58,1,2025-07-07 09:59:19
09h59,3,2025-07-07 10:00:19
10h00,9,2025-07-07 10:01:20
10h01,9,2025-07-07 10:02:21
10h02,1,2025-07-07 10:03:21
10h03,1,2025-07-07 10:04:22
10h04,3,2025-07-07 10:05:22
10h06,10,2025-07-07 10:06:23
10h07,6,2025-07-07 10:07:23
10h08,3,2025-07-07 10:08:24
10h09,8,2025-07-07 10:09:24
10h10,10,2025-07-07 10:10:25
10h11,1,2025-07-07 10:11:25
10h12,2,2025-07-07 10:12:26
10h13,6,2025-07-07 10:13:26
10h14,3,2025-07-07 10:14:27
10h15,9,2025-07-07 10:15:27
10h16,2,2025-07-07 10:16:28
10h17,4,2025-07-07 10:17:28
10h18,8,2025-07-07 10:18:29
10h19,1,2025-07-07 10:19:30
10h20,7,2025-07-07 10:20:31
10h21,8,2025-07-07 10:21:31
10h22,7,2025-07-07 10:22:32
10h23,3,2025-07-07 10:23:32
10h24,5,2025-07-07 10:24:33
10h25,5,2025-07-07 10:25:33
10h26,4,2025-07-07 10:26:34
10h27,7,2025-07-07 10:28:05
10h28,1,2025-07-07 10:29:05
10h29,6,2025-07-07 10:30:06
10h30,5,2025-07-07 10:31:07
10h31,6,2025-07-07 10:32:07
10h32,3,2025-07-07 10:33:08
10h33,10,2025-07-07 10:34:08
10h34,6,2025-07-07 10:35:09
10h35,6,2025-07-07 10:36:09
10h36,2,2025-07-07 10:37:10
10h37,10,2025-07-07 10:38:11
10h38,9,2025-07-07 10:39:12
10h39,2,2025-07-07 10:40:12
10h40,5,2025-07-07 10:41:13
10h41,10,2025-07-07 10:42:13
10h43,4,2025-07-07 10:43:14
10h44,1,2025-07-07 10:44:15
10h45,6,2025-07-07 10:45:15
10h46,5,2025-07-07 10:46:16
10h47,10,2025-07-07 10:47:16
10h48,10,2025-07-07 10:48:17
10h49,7,2025-07-07 10:49:17
10h50,6,2025-07-07 10:50:18
10h51,8,2025-07-07 10:51:19
10h52,6,2025-07-07 10:52:19
10h53,7,2025-07-07 10:53:21
10h54,9,2025-07-07 10:54:22
10h55,10,2025-07-07 10:55:22
10h56,8,2025-07-07 10:56:23
10h57,10,2025-07-07 10:57:23
10h58,5,2025-07-07 10:58:54
10h59,7,2025-07-07 10:59:55
11h00,3,2025-07-07 11:00:56
11h01,8,2025-07-07 11:01:56
11h02,1,2025-07-07 11:02:57
11h03,3,2025-07-07 11:03:57
11h04,7,2025-07-07 11:04:58
11h05,2,2025-07-07 11:05:59
11h06,2,2025-07-07 11:06:59
11h07,1,2025-07-07 11:08:00
11h08,2,2025-07-07 11:09:00
11h09,5,2025-07-07 11:10:01
11h10,8,2025-07-07 11:11:02
11h11,7,2025-07-07 11:12:02
11h12,9,2025-07-07 11:13:03
11h13,8,2025-07-07 11:14:03
11h14,5,2025-07-07 11:15:04
11h15,6,2025-07-07 11:16:04
11h16,6,2025-07-07 11:17:05
11h17,8,2025-07-07 11:18:06
11h18,1,2025-07-07 11:19:06
11h19,9,2025-07-07 11:20:07
11h21,3,2025-07-07 11:21:08
11h22,4,2025-07-07 11:22:08
11h23,4,2025-07-07 11:23:09
11h24,2,2025-07-07 11:24:09
11h25,3,2025-07-07 11:25:10
11h26,4,2025-07-07 11:26:11
11h27,4,2025-07-07 11:27:11
11h28,6,2025-07-07 11:28:42
11h29,3,2025-07-07 11:29:43
11h30,1,2025-07-07 11:30:43
11h31,1,2025-07-07 11:31:44
11h32,9,2025-07-07 11:32:44
11h33,8,2025-07-07 11:33:45
11h34,7,2025-07-07 11:34:46
11h35,2,2025-07-07 11:35:46
11h36,2,2025-07-07 11:36:47
11h37,7,2025-07-07 11:37:47
11h38,8,2025-07-07 11:38:48
11h39,2,2025-07-07 11:39:48
11h40,4,2025-07-07 11:40:49
11h41,6,2025-07-07 11:41:50
11h42,7,2025-07-07 11:42:50
11h43,5,2025-07-07 11:43:51
11h44,7,2025-07-07 11:44:52
11h45,8,2025-07-07 11:45:52
11h46,3,2025-07-07 11:46:53
11h47,6,2025-07-07 11:47:53
11h48,2,2025-07-07 11:48:54
11h49,8,2025-07-07 11:49:55
11h50,8,2025-07-07 11:50:55
11h51,3,2025-07-07 11:51:56
11h52,5,2025-07-07 11:52:57
11h53,2,2025-07-07 11:53:57
11h54,10,2025-07-07 11:54:58
11h55,4,2025-07-07 11:55:58
11h56,3,2025-07-07 11:57:29
11h58,8,2025-07-07 11:58:30
11h59,1,2025-07-07 11:59:30
12h00,8,2025-07-07 12:00:31
12h01,6,2025-07-07 12:01:32
12h02,6,2025-07-07 12:02:32
12h03,3,2025-07-07 12:03:33
12h04,7,2025-07-07 12:04:33
12h05,7,2025-07-07 12:05:34
12h06,2,2025-07-07 12:06:35
12h07,7,2025-07-07 12:07:35
12h08,9,2025-07-07 12:08:36
12h09,2,2025-07-07 12:09:36
12h10,5,2025-07-07 12:10:37
12h11,7,2025-07-07 12:11:38
12h12,7,2025-07-07 12:12:38
12h13,4,2025-07-07 12:13:39
12h14,9,2025-07-07 12:14:40
12h15,9,2025-07-07 12:15:40
12h16,10,2025-07-07 12:16:41
12h17,7,2025-07-07 12:17:41
12h18,3,2025-07-07 12:18:42
12h19,5,2025-07-07 12:19:42
12h20,1,2025-07-07 12:20:43
12h21,4,2025-07-07 12:21:44
12h22,6,2025-07-07 12:22:45
12h23,4,2025-07-07 12:23:45
12h24,1,2025-07-07 12:24:46
12h25,4,2025-07-07 12:25:46
12h26,2,2025-07-07 12:26:47
12h27,6,2025-07-07 12:28:18
12h28,3,2025-07-07 12:29:18
12h29,10,2025-07-07 12:30:19
12h30,9,2025-07-07 12:31:20
12h31,3,2025-07-07 12:32:20
12h32,5,2025-07-07 12:33:21
12h33,5,2025-07-07 12:34:21
12h34,2,2025-07-07 12:35:22
12h36,10,2025-07-07 12:36:22
12h37,2,2025-07-07 12:37:23
12h38,4,2025-07-07 12:38:24
12h39,3,2025-07-07 12:39:24
12h40,8,2025-07-07 12:40:25
12h41,5,2025-07-07 12:41:25
12h42,3,2025-07-07 12:42:26
12h43,5,2025-07-07 12:43:26
12h44,4,2025-07-07 12:44:27
12h45,10,2025-07-07 12:45:28
12h46,5,2025-07-07 12:46:28
12h47,8,2025-07-07 12:47:29
12h48,5,2025-07-07 12:48:29
12h49,7,2025-07-07 12:49:30
12h50,1,2025-07-07 12:50:30
12h51,2,2025-07-07 12:51:31
12h52,5,2025-07-07 12:52:32
14h08,4,2025-07-07 14:09:01
14h10,4,2025-07-07 14:10:02
14h11,1,2025-07-07 14:11:03
14h12,5,2025-07-07 14:12:04
14h13,1,2025-07-07 14:13:35
14h14,5,2025-07-07 14:14:35
14h15,3,2025-07-07 14:15:36
14h16,5,2025-07-07 14:16:36
14h17,6,2025-07-07 14:17:37
14h18,7,2025-07-07 14:18:39
14h21,10,2025-07-07 14:21:22
14h22,7,2025-07-07 14:22:23
14h23,1,2025-07-07 14:23:53
14h24,9,2025-07-07 14:24:54
14h29,2,2025-07-07 14:29:44
14h30,4,2025-07-07 14:30:46
14h31,5,2025-07-07 14:31:47
14h32,10,2025-07-07 14:32:47
14h33,3,2025-07-07 14:33:48
14h34,7,2025-07-07 14:34:48
14h35,8,2025-07-07 14:35:49
14h36,5,2025-07-07 14:36:50
14h37,3,2025-07-07 14:37:50
14h38,9,2025-07-07 14:38:51
14h39,5,2025-07-07 14:39:51
14h40,10,2025-07-07 14:40:52
14h43,4,2025-07-07 14:44:19
14h44,2,2025-07-07 14:45:19
14h45,5,2025-07-07 14:46:20
14h47,4,2025-07-07 14:47:21
14h48,7,2025-07-07 14:48:22
14h49,8,2025-07-07 14:49:23
14h50,5,2025-07-07 14:50:23
14h51,8,2025-07-07 14:51:24
14h52,9,2025-07-07 14:52:24
14h53,1,2025-07-07 14:53:25
14h54,9,2025-07-07 14:54:25
14h55,9,2025-07-07 14:55:26
14h56,9,2025-07-07 14:56:27
14h57,5,2025-07-07 14:57:27
14h58,2,2025-07-07 14:58:28
14h59,2,2025-07-07 14:59:28
15h00,2,2025-07-07 15:00:48
15h01,1,2025-07-07 15:01:50
15h02,6,2025-07-07 15:02:50
15h03,10,2025-07-07 15:03:51
15h04,9,2025-07-07 15:04:52
15h05,10,2025-07-07 15:05:52
15h06,9,2025-07-07 15:06:53
15h07,7,2025-07-07 15:07:53
15h09,7,2025-07-07 15:09:47
15h10,3,2025-07-07 15:10:48
15h11,4,2025-07-07 15:11:48
15h12,6,2025-07-07 15:12:49
15h13,8,2025-07-07 15:13:49
15h14,5,2025-07-07 15:14:50
15h15,7,2025-07-07 15:15:51
15h16,10,2025-07-07 15:16:51
15h17,10,2025-07-07 15:18:22
15h18,4,2025-07-07 15:19:23
15h19,9,2025-07-07 15:20:23
15h20,9,2025-07-07 15:21:24
15h21,7,2025-07-07 15:22:24
15h23,7,2025-07-07 15:23:25
15h24,1,2025-07-07 15:24:25
15h25,3,2025-07-07 15:25:26
15h26,2,2025-07-07 15:26:27
15h27,1,2025-07-07 15:27:27
15h28,4,2025-07-07 15:28:29
15h29,10,2025-07-07 15:29:29
15h30,5,2025-07-07 15:30:30
15h31,10,2025-07-07 15:31:30
15h32,5,2025-07-07 15:32:31
15h33,4,2025-07-07 15:33:31
15h34,1,2025-07-07 15:34:32
15h35,3,2025-07-07 15:35:32
15h36,3,2025-07-07 15:36:33
15h37,5,2025-07-07 15:37:33
15h38,9,2025-07-07 15:38:34
15h39,9,2025-07-07 15:39:35
15h40,10,2025-07-07 15:40:36
15h41,10,2025-07-07 15:41:36
15h42,7,2025-07-07 15:42:37
15h43,9,2025-07-07 15:43:37
15h44,2,2025-07-07 15:44:38
15h45,10,2025-07-07 15:45:39
15h46,1,2025-07-07 15:46:39
15h47,1,2025-07-07 15:47:40
15h48,5,2025-07-07 15:49:11
15h49,1,2025-07-07 15:50:12
15h50,7,2025-07-07 15:51:12
15h51,9,2025-07-07 15:52:13
15h52,2,2025-07-07 15:53:14
15h53,6,2025-07-07 15:54:14
15h54,1,2025-07-07 15:55:15
15h55,3,2025-07-07 15:56:16
15h56,1,2025-07-07 15:57:16
15h57,1,2025-07-07 15:58:17
15h58,8,2025-07-07 15:59:18
15h59,7,2025-07-07 16:00:18
16h01,8,2025-07-07 16:01:19
16h02,1,2025-07-07 16:02:20
16h03,5,2025-07-07 16:03:20
16h04,10,2025-07-07 16:04:21
16h05,6,2025-07-07 16:05:22
16h06,4,2025-07-07 16:06:22
16h07,3,2025-07-07 16:07:23
16h08,2,2025-07-07 16:08:24
16h09,4,2025-07-07 16:09:24
16h10,3,2025-07-07 16:10:25
16h11,6,2025-07-07 16:11:25
16h12,3,2025-07-07 16:12:26
16h13,7,2025-07-07 16:13:27
16h14,5,2025-07-07 16:14:28
16h15,5,2025-07-07 16:15:28
16h16,5,2025-07-07 16:16:29
16h17,5,2025-07-07 16:17:29
16h18,1,2025-07-07 16:18:30
16h19,7,2025-07-07 16:19:30
16h20,3,2025-07-07 16:21:01
16h21,2,2025-07-07 16:22:02
16h22,8,2025-07-07 16:23:02
16h23,1,2025-07-07 16:24:03
16h24,7,2025-07-07 16:25:04
16h25,9,2025-07-07 16:26:04
16h26,10,2025-07-07 16:27:05
16h27,4,2025-07-07 16:28:05
16h28,1,2025-07-07 16:29:06
16h29,3,2025-07-07 16:30:07
16h30,3,2025-07-07 16:31:08
16h31,8,2025-07-07 16:32:08
16h32,4,2025-07-07 16:33:09
16h33,1,2025-07-07 16:34:10
16h34,7,2025-07-07 16:35:10
16h35,3,2025-07-07 16:36:11
16h36,10,2025-07-07 16:37:11
16h37,10,2025-07-07 16:38:12
16h39,5,2025-07-07 16:39:13
16h40,7,2025-07-07 16:40:14
16h41,7,2025-07-07 16:41:15
16h42,5,2025-07-07 16:42:15
16h43,1,2025-07-07 16:43:16
16h44,2,2025-07-07 16:44:16
16h45,2,2025-07-07 16:45:17
16h46,7,2025-07-07 16:46:17
16h47,4,2025-07-07 16:47:18
16h48,3,2025-07-07 16:48:18
16h49,9,2025-07-07 16:49:19
16h50,10,2025-07-07 16:50:50
16h58,6,2025-07-07 16:58:54
16h59,4,2025-07-07 16:59:55
17h00,2,2025-07-07 17:00:55
17h01,9,2025-07-07 17:01:56
17h02,2,2025-07-07 17:02:56
17h03,4,2025-07-07 17:03:57
17h04,10,2025-07-07 17:04:57
17h05,4,2025-07-07 17:05:58
17h06,2,2025-07-07 17:06:59
17h07,6,2025-07-07 17:07:59
17h08,5,2025-07-07 17:09:00
17h09,7,2025-07-07 17:10:01
17h11,6,2025-07-07 17:12:02
17h12,3,2025-07-07 17:13:02
17h13,3,2025-07-07 17:14:03
17h14,9,2025-07-07 17:15:03
17h15,8,2025-07-07 17:16:04
17h18,9,2025-07-07 17:18:05
17h34,8,2025-07-07 17:34:45
17h35,3,2025-07-07 17:35:45
17h36,5,2025-07-07 17:36:46
17h37,4,2025-07-07 17:37:46
17h38,9,2025-07-07 17:38:47
17h39,6,2025-07-07 17:39:47
17h40,9,2025-07-07 17:40:48
17h41,3,2025-07-07 17:41:49
17h42,5,2025-07-07 17:42:49
17h43,9,2025-07-07 17:43:50
17h44,1,2025-07-07 17:44:50
17h45,3,2025-07-07 17:45:52
17h46,1,2025-07-07 17:46:53
17h47,2,2025-07-07 17:47:53
17h48,10,2025-07-07 17:48:54
17h49,1,2025-07-07 17:50:24
17h50,10,2025-07-07 17:51:25
17h51,9,2025-07-07 17:52:26
17h52,8,2025-07-07 17:53:26
17h54,4,2025-07-07 17:54:27
17h55,1,2025-07-07 17:55:27
17h56,5,2025-07-07 17:56:28
17h57,7,2025-07-07 17:57:28
17h58,10,2025-07-07 17:58:29
17h59,2,2025-07-07 17:59:29
18h00,5,2025-07-07 18:00:30
18h01,5,2025-07-07 18:01:31
18h02,2,2025-07-07 18:02:31
18h03,1,2025-07-07 18:03:32
18h04,7,2025-07-07 18:04:32
18h06,3,2025-07-07 18:06:33
18h07,8,2025-07-07 18:07:34
18h08,1,2025-07-07 18:08:35
18h09,1,2025-07-07 18:09:35
18h10,2,2025-07-07 18:10:36
18h11,2,2025-07-07 18:11:37
18h12,8,2025-07-07 18:12:37
18h13,4,2025-07-07 18:13:38
18h14,10,2025-07-07 18:14:38
18h15,6,2025-07-07 18:15:39
18h16,2,2025-07-07 18:16:39
18h17,4,2025-07-07 18:17:40
18h18,2,2025-07-07 18:18:41
18h27,7,2025-07-07 18:28:15
18h39,9,2025-07-07 18:39:21
19h17,9,2025-07-07 19:17:42
19h54,9,2025-07-07 19:54:32
20h31,9,2025-07-07 20:31:35
21h09,8,2025-07-07 21:09:56
21h47,4,2025-07-07 21:47:48
22h08,6,2025-07-07 22:08:20
22h09,5,2025-07-07 22:09:20
22h21,9,2025-07-07 22:21:27
22h31,4,2025-07-07 22:31:32
22h41,2,2025-07-07 22:41:38
22h51,8,2025-07-07 22:51:43
23h01,1,2025-07-07 23:01:18
23h11,7,2025-07-07 23:11:35
23h21,8,2025-07-07 23:21:40
23h31,2,2025-07-07 23:31:45
23h41,8,2025-07-07 23:41:51
23h51,4,2025-07-07 23:51:56
23h51,4,2025-07-08 00:00:01
00h01,2,2025-07-08 00:01:43
00h11,2,2025-07-08 00:11:59
00h21,8,2025-07-08 00:21:35
00h31,5,2025-07-08 00:31:41
00h41,5,2025-07-08 00:41:47
00h51,6,2025-07-08 00:51:53
01h01,10,2025-07-08 01:02:09
01h11,1,2025-07-08 01:11:55
01h21,4,2025-07-08 01:22:01
01h31,6,2025-07-08 01:32:07
01h41,6,2025-07-08 01:42:12
01h51,5,2025-07-08 01:52:17
02h01,10,2025-07-08 02:01:52
02h11,5,2025-07-08 02:11:58
02h21,3,2025-07-08 02:22:03
02h31,4,2025-07-08 02:32:09
02h41,9,2025-07-08 02:42:14
02h51,4,2025-07-08 02:52:00
03h01,9,2025-07-08 03:02:05
03h12,6,2025-07-08 03:12:11
03h22,3,2025-07-08 03:22:17
03h32,4,2025-07-08 03:32:22
03h42,7,2025-07-08 03:42:28
03h52,9,2025-07-08 03:52:34
04h02,6,2025-07-08 04:02:39
04h12,7,2025-07-08 04:12:14
04h22,9,2025-07-08 04:22:30
04h32,8,2025-07-08 04:32:36
04h42,5,2025-07-08 04:42:41
04h52,5,2025-07-08 04:52:47
05h02,4,2025-07-08 05:02:22
05h12,9,2025-07-08 05:12:27
05h22,9,2025-07-08 05:22:24
05h32,5,2025-07-08 05:32:29
05h42,9,2025-07-08 05:42:45
05h52,6,2025-07-08 05:52:51
06h02,9,2025-07-08 06:02:56
06h12,8,2025-07-08 06:13:01
06h22,4,2025-07-08 06:22:47
06h32,8,2025-07-08 06:32:52
06h42,3,2025-07-08 06:42:58
06h52,9,2025-07-08 06:53:03
07h02,7,2025-07-08 07:03:09
07h12,7,2025-07-08 07:12:44
07h22,4,2025-07-08 07:22:49
07h32,1,2025-07-08 07:32:55
07h42,2,2025-07-08 07:43:11
07h52,8,2025-07-08 07:53:16
08h02,9,2025-07-08 08:03:02
08h12,6,2025-07-08 08:13:08
08h22,3,2025-07-08 08:23:13
08h32,8,2025-07-08 08:33:00
08h42,9,2025-07-08 08:43:05
08h52,5,2025-07-08 08:53:11
09h03,1,2025-07-08 09:03:28
09h13,10,2025-07-08 09:13:33
09h23,1,2025-07-08 09:23:08
09h33,7,2025-07-08 09:33:14
09h43,7,2025-07-08 09:43:19
09h53,10,2025-07-08 09:53:24
10h03,9,2025-07-08 10:03:40
10h13,2,2025-07-08 10:13:15
10h23,5,2025-07-08 10:23:20
10h33,6,2025-07-08 10:33:26
10h43,5,2025-07-08 10:43:31
10h53,2,2025-07-08 10:53:36
11h03,3,2025-07-08 11:03:53
11h13,5,2025-07-08 11:13:28
11h23,9,2025-07-08 11:23:45
11h33,2,2025-07-08 11:33:50
11h43,3,2025-07-08 11:43:55
11h53,5,2025-07-08 11:54:01
12h03,4,2025-07-08 12:03:48
12h13,9,2025-07-08 12:13:53
12h23,1,2025-07-08 12:23:39
12h33,5,2025-07-08 12:33:44
12h43,3,2025-07-08 12:43:49
12h53,1,2025-07-08 12:53:55
13h03,2,2025-07-08 13:04:12
13h13,8,2025-07-08 13:13:47
13h23,1,2025-07-08 13:23:52
13h33,4,2025-07-08 13:33:58
13h43,5,2025-07-08 13:44:03
13h53,1,2025-07-08 13:54:08
14h03,1,2025-07-08 14:04:25
14h13,4,2025-07-08 14:14:11
14h23,3,2025-07-08 14:24:16
14h33,6,2025-07-08 14:34:21
14h44,3,2025-07-08 14:44:15
14h54,9,2025-07-08 14:54:31
15h04,3,2025-07-08 15:04:07
15h14,6,2025-07-08 15:14:23
15h24,2,2025-07-08 15:24:29
15h34,9,2025-07-08 15:34:34
15h44,8,2025-07-08 15:44:40
15h54,2,2025-07-08 15:54:15
16h04,2,2025-07-08 16:04:21
16h14,8,2025-07-08 16:14:38
16h24,8,2025-07-08 16:24:43
16h34,5,2025-07-08 16:34:48
16h44,1,2025-07-08 16:44:53
16h54,1,2025-07-08 16:54:40
17h04,10,2025-07-08 17:04:45
17h14,1,2025-07-08 17:14:50
17h24,1,2025-07-08 17:24:57
17h34,4,2025-07-08 17:35:03
18h49,9,2025-07-08 18:49:52
18h59,4,2025-07-08 18:59:57
19h09,2,2025-07-08 19:10:03
19h19,8,2025-07-08 19:20:08
19h29,1,2025-07-08 19:30:13
19h39,7,2025-07-08 19:40:19
19h49,8,2025-07-08 19:50:24
19h59,2,2025-07-08 19:59:59
20h12,92,2025-07-08 20:12:05
20h22,75,2025-07-08 20:22:10
20h36,104,2025-07-08 20:36:48
20h46,19,2025-07-08 20:46:54
20h56,65,2025-07-08 20:56:59
21h06,84,2025-07-08 21:06:35
21h16,23,2025-07-08 21:16:40
21h26,5,2025-07-08 21:26:47
21h36,7,2025-07-08 21:37:05
21h46,26,2025-07-08 21:46:56
21h56,62,2025-07-08 21:56:59
22h06,99,2025-07-08 22:08:24
22h16,31,2025-07-08 22:16:54
22h26,17,2025-07-08 22:27:01
22h36,69,2025-07-08 22:37:09
22h46,31,2025-07-08 22:47:19
22h56,56,2025-07-08 22:56:55
23h06,60,2025-07-08 23:07:00
23h16,10,2025-07-08 23:17:07
23h26,68,2025-07-08 23:27:13
23h36,52,2025-07-08 23:37:19
23h47,96,2025-07-08 23:47:25
23h57,83,2025-07-09 00:04:47
00h07,12,2025-07-09 00:08:09
01h37,34,2025-07-09 01:42:05
01h47,18,2025-07-09 01:47:44
01h47,18,2025-07-10 17:06:18
